race_id,race_name,race_date,reported_finishers,latitude,longitude,timezone,start_time_local,location_source,review_status
m23r_8240d89e843a,NYC Marathon,2023-11-05,51295,,,,,,unresolved
m23r_728c55d0ffa0,Chicago Marathon,2023-10-08,48574,,,,,,unresolved
m23r_94ce36b5cc0c,Boston Marathon,2023-04-17,26600,,,,,,unresolved
m23r_c847012b6f1d,LA Marathon,2023-03-19,16973,,,,,,unresolved
m23r_947716001b8a,Honolulu Marathon,2023-12-10,15044,,,,,,unresolved
m23r_c7e03026f9d9,Marine Corps Marathon,2023-10-29,13662,,,,,,unresolved
m23r_e16a3ab20671,Disney World Marathon,2023-01-08,12690,,,,,,unresolved
m23r_8018ee98af7f,Philadelphia Marathon,2023-11-19,11412,,,,,,unresolved
m23r_de90b0d1ada2,California International Marathon,2023-12-03,9183,,,,,,unresolved
m23r_a68a211a4158,Grandma's Marathon,2023-06-17,7182,,,,,,unresolved
m23r_cbfc0fae2151,Houston Marathon,2023-01-15,6105,,,,,,unresolved
m23r_5d80f30f0a6e,The San Francisco Marathon,2023-07-23,4883,,,,,,unresolved
m23r_f0c6f78632d5,Cincinnati Flying Pig Marathon,2023-05-07,4489,,,,,,unresolved
m23r_5ab9d458104a,Indianapolis Monumental Marathon,2023-10-28,4214,,,,,,unresolved
m23r_aebc7fd73741,Richmond Marathon,2023-11-11,4083,,,,,,unresolved
m23r_b46ac47414f0,St. George Marathon,2023-10-07,3815,,,,,,unresolved
m23r_e31c063e3b8c,Big Sur International Marathon,2023-04-30,3633,,,,,,unresolved
m23r_603df8447276,Dallas Marathon,2023-12-10,3377,,,,,,unresolved
m23r_7d197b523184,Austin Marathon,2023-02-19,3192,,,,,,unresolved
m23r_7cb142d3a10e,Detroit International Marathon,2023-10-15,3080,,,,,,unresolved
m23r_afd4f76f6202,Columbus Marathon,2023-10-15,3006,,,,,,unresolved
m23r_a9da31df2f64,Pittsburgh Marathon,2023-05-07,3000,,,,,,unresolved
m23r_fb9e2a05c5f3,Miami Marathon,2023-01-29,2744,,,,,,unresolved
m23r_090236b8f51e,Bataan Memorial Death March,2023-03-19,2615,,,,,,unresolved
m23r_26ac7d326c8d,Long Beach Marathon,2023-10-15,2516,,,,,,unresolved
m23r_e93d044c62a8,RnR Nashville Marathon,2023-04-22,2328,,,,,,unresolved
m23r_eecf7485d256,Portland Oregon Marathon,2023-10-01,2255,,,,,,unresolved
m23r_c9b6fa7cb468,OC Marathon,2023-05-07,2061,,,,,,unresolved
m23r_9c26a4b647bf,Eugene Marathon,2023-04-30,2038,,,,,,unresolved
m23r_c739d8a02f19,Jersey City Marathon,2023-04-23,1934,,,,,,unresolved
m23r_4a26ad833ee3,Phoenix Marathon,2023-02-04,1926,,,,,,unresolved
m23r_fbc9be6ce4e3,Memphis Marathon,2023-12-02,1921,,,,,,unresolved
m23r_6f189d6addeb,REVEL Big Bear and Half Marathon,2023-11-18,1837,,,,,,unresolved
m23r_4779e4ccd20a,Oklahoma City Memorial Marathon,2023-04-30,1814,,,,,,unresolved
m23r_98ceba24af64,Seattle Marathon,2023-11-26,1748,,,,,,unresolved
m23r_32bd5656c176,Shamrock Sportsfest Marathon,2023-03-19,1689,,,,,,unresolved
m23r_7872e4f6dc27,Wineglass Marathon,2023-10-01,1647,,,,,,unresolved
m23r_a768b0f26fbe,Cox Sports Providence Marathon,2023-05-07,1638,,,,,,unresolved
m23r_64263cefb6a0,Madison Marathon,2023-11-12,1627,,,,,,unresolved
m23r_b577c99f0441,Colfax Marathon,2023-05-21,1600,,,,,,unresolved
m23r_461aed2caf64,Big Cottonwood Marathon,2023-09-09,1572,,,,,,unresolved
m23r_609a1ea311e2,REVEL Mt Charleston,2023-04-01,1516,,,,,,unresolved
m23r_01ae9b3a9837,Baltimore Marathon,2023-10-14,1502,,,,,,unresolved
m23r_4ddc84a89c43,Charlotte's Thunder Road Marathon,2023-11-04,1486,,,,,,unresolved
m23r_339a6a877f23,Hartford Marathon,2023-10-14,1467,,,,,,unresolved
m23r_e2aa99e3336d,Napa Valley Marathon,2023-03-05,1452,,,,,,unresolved
m23r_c38092e093ff,Des Moines Marathon,2023-10-15,1450,,,,,,unresolved
m23r_8be6265d345b,Mountains 2 Beach Marathon,2023-05-21,1423,,,,,,unresolved
m23r_6d5d078c7d29,Lakefront Marathon,2023-10-01,1419,,,,,,unresolved
m23r_89ba20a002a8,Rock 'n' Roll Arizona Marathon,2023-01-15,1408,,,,,,unresolved
m23r_1939bb81b671,Bayshore Marathon,2023-05-27,1366,,,,,,unresolved
m23r_de1d9bd5f580,Kiawah Island Marathon,2023-12-09,1358,,,,,,unresolved
m23r_b6ece4318c07,Georgia Marathon,2023-02-26,1335,,,,,,unresolved
m23r_855f11d62abb,Surf City Marathon (prev. Pacific Shoreline Marathon),2023-02-05,1268,,,,,,unresolved
m23r_b8da8fb92cc0,Cowtown Marathon,2023-02-26,1263,,,,,,unresolved
m23r_1535c6882357,Cleveland Marathon,2023-05-21,1232,,,,,,unresolved
m23r_e56d1012603b,Kansas City Marathon,2023-10-21,1231,,,,,,unresolved
m23r_b3ca3733ac39,Vermont City Marathon,2023-05-28,1167,,,,,,unresolved
m23r_83b2cd60804f,Glass City Marathon,2023-04-23,1161,,,,,,unresolved
m23r_d67bae746774,Ogden Marathon,2023-05-20,1077,,,,,,unresolved
m23r_235dc4bdc9be,Buffalo Marathon,2023-05-28,1075,,,,,,unresolved
m23r_81057d25ed81,Air Force Marathon,2023-09-16,1070,,,,,,unresolved
m23r_d7c2dd476881,GO! St. Louis Marathon,2023-04-02,1065,,,,,,unresolved
m23r_10acbba00143,Missoula Marathon,2023-06-25,1050,,,,,,unresolved
m23r_ce71652254d5,Kentucky Derby Festival Marathon,2023-04-29,1048,,,,,,unresolved
m23r_58a4020f2367,Little Rock Marathon,2023-03-05,1044,,,,,,unresolved
m23r_358cee68a1d6,Salt Lake City Marathon,2023-04-22,1010,,,,,,unresolved
m23r_7b8b4fe268d9,Myrtle Beach Marathon,2023-03-04,997,,,,,,unresolved
m23r_04e10bd6b3e7,Utah Valley Marathon,2023-06-03,996,,,,,,unresolved
m23r_67ef9770f8b9,Fargo Marathon,2023-05-20,958,,,,,,unresolved
m23r_66232516cc39,Atlantic City Marathon,2023-10-22,953,,,,,,unresolved
m23r_c9327389404d,The Santa Rosa Marathon,2023-08-27,952,,,,,,unresolved
m23r_f1f87af4726f,Erie Marathon at Presque Isle,2023-09-10,944,,,,,,unresolved
m23r_bffb7cdf2201,Baystate Marathon,2023-10-15,936,,,,,,unresolved
m23r_f4ff591b4a8d,Carmel Marathon,2023-04-08,936,,,,,,unresolved
m23r_67ce22858596,Grand Rapids Marathon,2023-10-15,932,,,,,,unresolved
m23r_7520fb2d6934,Rocket City Marathon,2023-12-10,917,,,,,,unresolved
m23r_95311c9fc54e,Boulderthon Marathon,2023-10-08,916,,,,,,unresolved
m23r_c5057915d836,Maine Marathon,2023-10-01,904,,,,,,unresolved
m23r_6be9816058a8,Cape Cod Marathon,2023-10-08,897,,,,,,unresolved
m23r_5d787d2d0eba,Steamtown Marathon,2023-10-08,867,,,,,,unresolved
m23r_053da7f0fae0,Rehoboth Seashore Marathon,2023-12-02,861,,,,,,unresolved
m23r_56d9941909fb,Space Coast Marathon,2023-11-26,858,,,,,,unresolved
m23r_67b01a13a72d,Carlsbad Marathon,2023-01-15,823,,,,,,unresolved
m23r_a3e1615cb43b,The Woodlands Marathon,2023-03-04,822,,,,,,unresolved
m23r_125682841e26,Tucson Marathon,2023-12-10,819,,,,,,unresolved
m23r_800733edc71c,Lincoln Marathon,2023-05-07,798,,,,,,unresolved
m23r_be0d8401ea53,Route 66 Marathon,2023-11-19,785,,,,,,unresolved
m23r_a63931d6e80d,Colorado Marathon,2023-05-07,784,,,,,,unresolved
m23r_f8b9c34b9d25,Tobacco Road Marathon,2023-03-19,779,,,,,,unresolved
m23r_989aabcfd207,Jack and Jill's Downhill Saturday Marathon,2023-07-29,761,,,,,,unresolved
m23r_bbd842fc8ab5,Ventura Marathon,2023-02-26,758,,,,,,unresolved
m23r_fc92ca4209ac,Light at the End of the Tunnel Marathon,2023-06-11,757,,,,,,unresolved
m23r_68327b9d0448,Louisiana Marathon,2023-01-15,750,,,,,,unresolved
m23r_c717369fda71,Leadville Trail Marathon,2023-06-17,744,,,,,,unresolved
m23r_3b2ed22d5cc3,Wilmington Marathon,2023-02-25,726,,,,,,unresolved
m23r_23be99a37165,Rockies Marathon,2023-06-03,711,,,,,,unresolved
m23r_669a7600e08c,Akron Marathon,2023-09-30,693,,,,,,unresolved
m23r_3f58525f0770,Newport Marathon (RI),2023-10-08,677,,,,,,unresolved
m23r_a889d4256e77,Rhode Races Newport Marathon,2023-04-15,676,,,,,,unresolved
m23r_26125e9fd405,City of Oaks Marathon,2023-11-05,669,,,,,,unresolved
m23r_4d391bde8c8d,The Tunnel Lite Marathon,2023-09-10,664,,,,,,unresolved
m23r_436be99bf60c,Mount Desert Island marathon,2023-10-15,650,,,,,,unresolved
m23r_b445bb2b1864,Coastal Delaware Running Festival,2023-04-16,633,,,,,,unresolved
m23r_fcba6db74371,Pikes Peak Marathon,2023-09-17,615,,,,,,unresolved
m23r_a41342345b2a,Asheville Marathon,2023-03-18,601,,,,,,unresolved
m23r_35bde69620d0,Mayor's Marathon,2023-06-17,582,,,,,,unresolved
m23r_26030f67c514,Jacksonville Marathon,2023-12-10,553,,,,,,unresolved
m23r_3776ac6518ee,Bryan-College Station Marathon,2023-12-10,544,,,,,,unresolved
m23r_cb8e73e9a6db,Quad Cities Marathon,2023-09-24,541,,,,,,unresolved
m23r_43eed660d2b8,Mankato Marathon,2023-10-21,533,,,,,,unresolved
m23r_f7d84b1d69a5,Mercedes Marathon,2023-02-12,521,,,,,,unresolved
m23r_ae41225fa0d2,Eau Claire Marathon,2023-04-30,516,,,,,,unresolved
m23r_3d80c256fc97,Jack and Jill's Downhill Marathon,2023-07-30,510,,,,,,unresolved
m23r_e2cbde083eba,Knoxville Marathon,2023-04-02,504,,,,,,unresolved
m23r_2772e2df9550,Sugarloaf Marathon,2023-05-14,504,,,,,,unresolved
m23r_59753ad2dd68,26.2 with Donna: The National Marathon to Finish Breast Cancer,2023-02-05,500,,,,,,unresolved
m23r_232e7c7dd417,Tunnel Vision Marathon,2023-08-13,495,,,,,,unresolved
m23r_946233cf03d0,Green Bay Marathon,2023-05-21,494,,,,,,unresolved
m23r_d98df50bcda3,Moab Trail Marathon,2023-11-04,491,,,,,,unresolved
m23r_6f686c79f6c6,Two Cities Marathon,2023-11-05,481,,,,,,unresolved
m23r_31edf2ed4693,Martha's Vineyard Marathon,2023-05-20,480,,,,,,unresolved
m23r_18a98a25a1fb,Mississippi Gulf Coast Marathon,2023-12-10,478,,,,,,unresolved
m23r_d182e596dc77,Duke City Marathon,2023-10-22,476,,,,,,unresolved
m23r_c84b47b5aebc,Seven Bridges Marathon,2023-10-15,476,,,,,,unresolved
m23r_850eeca228d4,Oakland Marathon Running Festival,2023-03-19,471,,,,,,unresolved
m23r_928ef12e5e5f,Harrisburg Marathon,2023-11-12,463,,,,,,unresolved
m23r_dc839d249f7f,Ft. Lauderdale A1A Marathon,2023-02-19,460,,,,,,unresolved
m23r_e2dde616ba6c,Mo Cowbell Marathon,2023-10-01,457,,,,,,unresolved
m23r_2dc3bba2f956,Delaware Marathon,2023-04-23,454,,,,,,unresolved
m23r_8669d93df29c,Palm Beaches Marathon Festival,2023-12-10,454,,,,,,unresolved
m23r_09dda2f408f6,Chicagoland Marathon,2023-05-07,452,,,,,,unresolved
m23r_93e8b513c14d,Manchester City Marathon,2023-11-12,452,,,,,,unresolved
m23r_27398a3dc9fe,Fox Valley Marathon,2023-09-17,447,,,,,,unresolved
m23r_57f34eae3aeb,Mohawk-Hudson River Marathon,2023-10-08,438,,,,,,unresolved
m23r_a947403a01d2,Garmin Marathon (prev. Oz Marathon),2023-04-22,432,,,,,,unresolved
m23r_5ba0a9f41f7f,Long Island Marathon,2023-05-07,430,,,,,,unresolved
m23r_63485d95f837,Marquette Marathon,2023-09-02,425,,,,,,unresolved
m23r_ee347d26d05c,Irving Marathon,2023-04-01,421,,,,,,unresolved
m23r_81ba64682570,Charlevoix Marathon,2023-06-17,416,,,,,,unresolved
m23r_84698bdfd668,The Cheap! Marathon,2023-04-16,408,,,,,,unresolved
m23r_ce15c3efb7d2,Fox Cities Marathon,2023-09-17,403,,,,,,unresolved
m23r_12203e44dcd3,Town of Celebration Marathon,2023-01-29,403,,,,,,unresolved
m23r_967478105496,Catalina Marathon,2023-03-11,382,,,,,,unresolved
m23r_cf582237d7ab,Avenue of the Giants Marathon,2023-05-07,381,,,,,,unresolved
m23r_7f86505dd650,Big Beach Marathon,2023-01-29,379,,,,,,unresolved
m23r_71b678465cb4,Equinox Marathon,2023-09-16,377,,,,,,unresolved
m23r_fd7d5328ca3d,WhistleStop Marathon,2023-10-14,376,,,,,,unresolved
m23r_9d41e1727fa1,One City Marathon,2023-03-05,374,,,,,,unresolved
m23r_6395ba94434a,Sioux Falls Marathon,2023-08-27,366,,,,,,unresolved
m23r_211ce65a74d2,Tacoma City Marathon,2023-04-30,365,,,,,,unresolved
m23r_fb2709f82409,"Nashville Half Marathon, Marathon & 5K",2023-10-28,363,,,,,,unresolved
m23r_30c7fd8ea09f,Chickamauga Battlefield Marathon,2023-11-11,344,,,,,,unresolved
m23r_9d01407ee637,New England Green River Marathon,2023-08-27,340,,,,,,unresolved
m23r_7e51ee3d4b47,Salina Crossroads Marathon,2023-11-04,331,,,,,,unresolved
m23r_6d1e470585f2,Marshall University Marathon,2023-11-05,330,,,,,,unresolved
m23r_40bde92c8500,OBX Marathon,2023-11-12,327,,,,,,unresolved
m23r_96c7de8340c7,Maui Oceanfront Marathon,2023-01-15,324,,,,,,unresolved
m23r_9034f7d1cce6,Colorado Springs Marathon,2023-09-30,321,,,,,,unresolved
m23r_e8838a70130a,Deseret News Classic Marathon,2023-07-24,320,,,,,,unresolved
m23r_e5cc93a8b4d6,Newport Marathon,2023-06-03,318,,,,,,unresolved
m23r_09fd05621f96,Clarence Demar Marathon,2023-09-24,317,,,,,,unresolved
m23r_63d824b44141,Maui Marathon,2023-04-23,317,,,,,,unresolved
m23r_e4288d79e877,The Kauai Marathon,2023-09-03,317,,,,,,unresolved
m23r_3b830a327e2a,St. Petersburg Marathon,2023-02-12,312,,,,,,unresolved
m23r_01e4d47cb5f8,Coast Guard Marathon,2023-03-04,311,,,,,,unresolved
m23r_c05ea986a7c4,Moose Mountain Marathon,2023-09-09,306,,,,,,unresolved
m23r_f96215060b2d,Spinx Run Fest,2023-10-28,304,,,,,,unresolved
m23r_9e4c1ce3c9b3,Kalamazoo Marathon,2023-04-23,302,,,,,,unresolved
m23r_21bda536bfa0,Eugene Curnow Trail Marathon (formerly the Half Voyageur Trail Marathon),2023-07-15,301,,,,,,unresolved
m23r_3066d663b882,Suffolk County Marathon,2023-10-22,299,,,,,,unresolved
m23r_761d322e7c6b,Holland Haven Marathon,2023-09-10,297,,,,,,unresolved
m23r_cf607cf74ac6,Modesto Marathon,2023-03-26,295,,,,,,unresolved
m23r_fcb3c96f2768,Prairie Fire Wichita Marathon,2023-10-08,293,,,,,,unresolved
m23r_cd494aa88f33,Wisconsin Marathon,2023-05-06,293,,,,,,unresolved
m23r_594ee33c8780,Lost Dutchman Marathon,2023-02-19,290,,,,,,unresolved
m23r_446e6d4cc129,Albany Marathon (formerly the Snickers Marathon Energy Bar Marathon),2023-03-04,289,,,,,,unresolved
m23r_fc83ca610487,Sri Chinmoy Marathon (formerly Self-Transcendence Marathon),2023-08-24,288,,,,,,unresolved
m23r_c8ae4b3715d3,Bass Pro Shops Marathon,2023-11-05,287,,,,,,unresolved
m23r_9880c51c553c,"Louisville Marathon, Half Marathon & 10K",2023-11-05,284,,,,,,unresolved
m23r_13229e4a87cf,Jekyll Island Marathon,2023-01-15,283,,,,,,unresolved
m23r_c0fc6ec525d1,Ocean State Marathon & Rhode Race,2023-10-29,283,,,,,,unresolved
m23r_0ec8857cda16,Brew City Marathon,2023-04-22,282,,,,,,unresolved
m23r_3d5cae30ac07,Coeur d' Alene Marathon,2023-05-28,281,,,,,,unresolved
m23r_4f4885e86e75,North Central Trail Marathon,2023-11-25,278,,,,,,unresolved
m23r_a348d7931198,Hilton Head Marathon,2023-02-11,277,,,,,,unresolved
m23r_7aa21ee33a90,North Olympic Discovery Marathon,2023-06-04,272,,,,,,unresolved
m23r_82545aa8c301,Lake Placid Marathon,2023-06-11,265,,,,,,unresolved
m23r_1711ded38066,Panama City Beach Marathon,2023-12-02,263,,,,,,unresolved
m23r_19a6c14b08ea,Foot Traffic Flat Marathon,2023-07-04,259,,,,,,unresolved
m23r_d1c1601f3fba,Bellingham Bay Marathon,2023-09-24,257,,,,,,unresolved
m23r_872e30be3f8c,Pro Football Hall of Fame Marathon,2023-05-07,257,,,,,,unresolved
m23r_9e8b17dbcc4b,Hamptons Marathon,2023-09-23,256,,,,,,unresolved
m23r_bbf50e0fe9e5,Mad Marathon,2023-07-09,253,,,,,,unresolved
m23r_c04dbe229f49,Salisbury Marathon,2023-04-01,253,,,,,,unresolved
m23r_7ceb853b3175,Bend Marathon and Half,2023-04-16,250,,,,,,unresolved
m23r_41a566edde2a,B&A Trail Marathon,2023-03-26,249,,,,,,unresolved
m23r_289c8631a02e,Ann Arbor Marathon,2023-10-01,248,,,,,,unresolved
m23r_8d323f84ac60,Capital City Marathon,2023-05-21,247,,,,,,unresolved
m23r_5ad5b5df623e,Harpeth Hills Flying Monkey Marathon,2023-11-19,244,,,,,,unresolved
m23r_79e94801d336,El Paso Marathon,2023-02-12,238,,,,,,unresolved
m23r_8a93a1818bcd,Columbia Gorge Marathon,2023-10-22,235,,,,,,unresolved
m23r_c9383bd532f9,Jackson Hole Marathon,2023-09-23,233,,,,,,unresolved
m23r_af29b71bd6dc,Steamboat Marathon,2023-06-04,233,,,,,,unresolved
m23r_d08ea19d13d5,Med-City Marathon,2023-05-13,231,,,,,,unresolved
m23r_655f2ea3cefb,Blue Sky Marathon,2023-10-21,222,,,,,,unresolved
m23r_cbda05c80616,Anchorage Runfest Humpy's Marathon (prev. Big Wild Life Runs Marathon),2023-08-20,221,,,,,,unresolved
m23r_5e41e663b5e9,Run Oak Island,2023-02-18,221,,,,,,unresolved
m23r_a1de54b9139a,Windermere Marathon,2023-05-21,217,,,,,,unresolved
m23r_b09122e08ab1,Last Chance BQ.2 Chicagoland Marathon,2023-09-09,216,,,,,,unresolved
m23r_ca16a9445899,Sackets Harbor Marathon & Half Marathon,2023-09-03,216,,,,,,unresolved
m23r_f02358057ef9,York Marathon and Half Marathon,2023-05-07,216,,,,,,unresolved
m23r_9b3adbc99f2d,Chattanooga Marathon,2023-03-05,212,,,,,,unresolved
m23r_4187070ad163,Florida Marathon & Half Marathon,2023-02-12,210,,,,,,unresolved
m23r_abb1ca6878d5,Hogeye Marathon,2023-04-15,210,,,,,,unresolved
m23r_81ae0ba531e2,Mt. Nebo Marathon,2023-08-26,210,,,,,,unresolved
m23r_1b4d05a10710,Lake Wobegon Trail Marathon,2023-05-06,209,,,,,,unresolved
m23r_0a4ffa09939a,Loco Marathon,2023-10-22,207,,,,,,unresolved
m23r_673c5f8af4dd,Deadwood-Mickelson Trail Marathon,2023-06-04,206,,,,,,unresolved
m23r_0c46722bc05c,South Texas International Marathon,2023-12-02,206,,,,,,unresolved
m23r_614c82de3fce,Des Plaines River Trail Marathon,2023-10-14,205,,,,,,unresolved
m23r_147002252a95,Heartland Marathon,2023-09-24,201,,,,,,unresolved
m23r_352b15e548aa,Millinocket Marathon,2023-12-02,193,,,,,,unresolved
m23r_e25b2481f8fd,Whidbey Island Marathon,2023-04-23,189,,,,,,unresolved
m23r_d9229b54bd49,New Hampshire Marathon,2023-09-30,188,,,,,,unresolved
m23r_a9f04c60f938,A Run Through Time,2023-03-11,186,,,,,,unresolved
m23r_c25616dfd993,3 Bridges Marathon,2023-12-09,184,,,,,,unresolved
m23r_a5f3bde443fa,Aspen Valley Marathon,2023-07-15,184,,,,,,unresolved
m23r_2b55b87db5f5,Leavenworth Marathon,2023-09-30,184,,,,,,unresolved
m23r_8a0ef4f7e4ec,Maritime Marathon,2023-06-11,183,,,,,,unresolved
m23r_839a07b6ea12,Bismarck Marathon,2023-09-16,179,,,,,,unresolved
m23r_8ff22e8a33e6,Charlottesville Marathon,2023-04-01,179,,,,,,unresolved
m23r_110fcf317255,Fort Worth Marathon,2023-11-12,179,,,,,,unresolved
m23r_e8dc60a2f127,Pocatello Marathon,2023-09-02,179,,,,,,unresolved
m23r_e3db33c69f15,Great New York State Marathon,2023-10-15,178,,,,,,unresolved
m23r_78824781faad,Marathon of the Treasure Coast,2023-03-05,177,,,,,,unresolved
m23r_f2dd0a5e1af8,Surfers Point Marathon,2023-09-10,175,,,,,,unresolved
m23r_02ba6e5d11d6,Potomac River Run Marathon,2023-05-06,174,,,,,,unresolved
m23r_ae6a88d6fbb5,Tallahassee Marathon,2023-02-05,174,,,,,,unresolved
m23r_11011debc4d6,BHM26.2,2023-10-01,173,,,,,,unresolved
m23r_85a5ef9744ce,Famous Idaho Potato Marathon,2023-05-13,172,,,,,,unresolved
m23r_9282f8d2a212,The Haunted Forest Marathon,2023-10-29,172,,,,,,unresolved
m23r_1e7e0566bdaf,Bakersfield Marathon,2023-03-26,169,,,,,,unresolved
m23r_3ecfc80d6430,Bemidji Blue Ox Marathon,2023-10-14,168,,,,,,unresolved
m23r_011335f97653,Logan Marathon,2023-09-16,168,,,,,,unresolved
m23r_0196d400126e,Umstead Trail Marathon,2023-03-04,166,,,,,,unresolved
m23r_a1d31c573e3f,Mill Race Marathon,2023-09-23,165,,,,,,unresolved
m23r_e55d5359807e,Athens Marathon (Ohio),2023-04-16,164,,,,,,unresolved
m23r_0870647bb5a8,New River Marathon,2023-05-13,164,,,,,,unresolved
m23r_d676eafa34ae,Shoreline Marathon,2023-07-16,164,,,,,,unresolved
m23r_ca9fcb80259f,Greenbrier River Trail Marathon,2023-10-08,163,,,,,,unresolved
m23r_89a4c502534e,Lake Tahoe Marathon,2023-10-15,163,,,,,,unresolved
m23r_e38b4a43a2f4,Sehgahunda Trail Marathon,2023-05-20,162,,,,,,unresolved
m23r_44c61038e4ff,Washington's Birthday Marathon,2023-02-19,159,,,,,,unresolved
m23r_17484b10ce50,Emerald Isle Marathon,2023-10-28,154,,,,,,unresolved
m23r_56b9e5f2a1c5,Gettysburg North-South Marathon,2023-04-30,153,,,,,,unresolved
m23r_66968c34c8d0,Mississippi Blues Marathon,2023-02-25,153,,,,,,unresolved
m23r_5fb456c92fec,Spokane Series Marathon,2023-10-08,153,,,,,,unresolved
m23r_297688d857ca,North Country Trail Run,2023-08-26,151,,,,,,unresolved
m23r_98d0ae8fdea6,Montana Marathon,2023-05-21,149,,,,,,unresolved
m23r_f54ec1c5f801,Gobbler Grind Marathon,2023-11-19,148,,,,,,unresolved
m23r_292ccb555ed0,Sleeping Bear Marathon,2023-10-07,148,,,,,,unresolved
m23r_fefcaa9669e2,Freedom's Run,2023-10-07,147,,,,,,unresolved
m23r_b9fa63c99196,Sun Marathon,2023-01-28,147,,,,,,unresolved
m23r_345f547ec025,Mississippi River Marathon,2023-02-04,145,,,,,,unresolved
m23r_f057fda762f8,Martian Marathon,2023-04-15,142,,,,,,unresolved
m23r_2f2ddb12bdbb,Texas Marathon,2023-01-01,142,,,,,,unresolved
m23r_de07ed4dc732,Millennium Meadows Marathon,2023-08-27,141,,,,,,unresolved
m23r_cdc9145155d2,Long View Marathon,2023-10-14,140,,,,,,unresolved
m23r_b044010d16c8,State 47 Marathon,2023-01-07,140,,,,,,unresolved
m23r_87348d7925c6,Skidaway Island Marathon,2023-02-25,139,,,,,,unresolved
m23r_df377950abd8,Nebraska State Fair Marathon,2023-08-26,138,,,,,,unresolved
m23r_25634a6dd2a4,Daufuskie Island Marathon,2023-01-14,137,,,,,,unresolved
m23r_7b5c0a961fd9,Santa Clarita Marathon,2023-11-12,137,,,,,,unresolved
m23r_f662f8f09ae4,Horse Capital Marathon,2023-04-15,136,,,,,,unresolved
m23r_d3ca47a90c92,Spring Chance BQ.2 Marathon,2023-04-15,136,,,,,,unresolved
m23r_bf252a0fe229,Zydeco Marathon,2023-03-12,136,,,,,,unresolved
m23r_80644849949b,McAllen Marathon,2023-01-21,134,,,,,,unresolved
m23r_aff5933c4ac5,Towpath Marathon,2023-10-07,134,,,,,,unresolved
m23r_ebb2f99f31eb,Cannonball Marathon,2023-10-14,133,,,,,,unresolved
m23r_3ed0d9fbced2,Wausau Marathon,2023-08-19,132,,,,,,unresolved
m23r_e45c1a00f755,SOCAL River Marathon,2023-03-04,131,,,,,,unresolved
m23r_e74d3b73e2fa,Savin Rock Marathon,2023-03-25,130,,,,,,unresolved
m23r_9d903b093b78,Adirondack Marathon,2023-10-01,129,,,,,,unresolved
m23r_2ad8870f70cd,Des Moines St. Paddy's Marathon,2023-03-18,129,,,,,,unresolved
m23r_272371d5eb66,Hatfield-McCoy Marathon,2023-06-10,129,,,,,,unresolved
m23r_4a95028f7424,Jackson River Scenic Trail Marathon,2023-06-03,128,,,,,,unresolved
m23r_0903c41fe910,Philadelphia Trail Marathon,2023-04-23,128,,,,,,unresolved
m23r_741f3e0c2e3c,Whitefish Marathon,2023-05-20,127,,,,,,unresolved
m23r_bbaf8e039e5c,Ohio River Road Runners Club Marathon,2023-04-02,125,,,,,,unresolved
m23r_6d54e11764f5,Queens Marathon (Fall),2023-11-19,124,,,,,,unresolved
m23r_8797aa0297ff,Veterans Marathon,2023-11-11,124,,,,,,unresolved
m23r_22e60589df99,White River Marathon for Kenya (prev Mountain Home Marathon for Kenya),2023-11-18,124,,,,,,unresolved
m23r_da24ca3d8f47,Belleville Main Street Marathon,2023-09-30,123,,,,,,unresolved
m23r_fbae3ea6a3fa,Estes Park Marathon,2023-06-18,123,,,,,,unresolved
m23r_769f128e3ce4,Apple Tree Marathon,2023-09-17,122,,,,,,unresolved
m23r_8acc607bc943,Shiprock Marathon,2023-05-06,122,,,,,,unresolved
m23r_f0b9f595b1ad,Charles River Marathon,2023-09-10,121,,,,,,unresolved
m23r_a0dea45ec8a2,Rogue Run Marathon,2023-10-14,120,,,,,,unresolved
m23r_9f55e432bc78,RDC Marathon,2023-10-29,119,,,,,,unresolved
m23r_d94047d1b99e,Seabrook Lucky Trail Marathon,2023-03-18,118,,,,,,unresolved
m23r_8e74ffabb538,USA Fit Marathon,2023-01-29,118,,,,,,unresolved
m23r_8140063e70eb,Abebe Bikila Day International Peace Marathon,2023-09-09,116,,,,,,unresolved
m23r_ff3a6986a4ea,Heart of America Marathon,2023-09-04,115,,,,,,unresolved
m23r_7de2c6ad4645,Vernonia Marathon,2023-04-16,115,,,,,,unresolved
m23r_11042b02689b,Mesa Falls Marathon,2023-07-15,114,,,,,,unresolved
m23r_0265aec35a41,Golden Driller Marathon,2023-04-15,113,,,,,,unresolved
m23r_d50a9d9130eb,Lubbock Mayor's Marathon,2023-10-29,113,,,,,,unresolved
m23r_33259af6da7f,Silverton Alpine Marathon,2023-07-08,113,,,,,,unresolved
m23r_27d2428e6c45,The Buckeye Marathon,2023-01-07,113,,,,,,unresolved
m23r_5f9061d575c3,Beach to Bay Marathon,2023-05-20,112,,,,,,unresolved
m23r_c0a762619d64,Last Chance BQ.2 Grand Rapids Marathon,2023-09-10,111,,,,,,unresolved
m23r_86eb9a2ed20d,Silver Falls Marathon,2023-11-04,111,,,,,,unresolved
m23r_91c72323704b,Redding Marathon,2023-01-15,109,,,,,,unresolved
m23r_134981348ab4,Green Mountain Marathon,2023-10-22,108,,,,,,unresolved
m23r_768d4a39f571,Stony Creek Marathon,2023-11-05,108,,,,,,unresolved
m23r_f98de55479d2,Hyannis Marathon,2023-03-05,107,,,,,,unresolved
m23r_6b26d2461a08,Colorado Fall Equinox Marathon,2023-09-17,106,,,,,,unresolved
m23r_955fbbe31117,Hawai'i Bird Conservation Marathon,2023-12-17,106,,,,,,unresolved
m23r_92421ac13eab,McKirdy Micro Marathon - NY II,2023-10-14,106,,,,,,unresolved
m23r_375c6df6caea,Starved Rock County Marathon,2023-05-13,106,,,,,,unresolved
m23r_301883aaf706,Staunton Rocks! Marathon & Half,2023-08-26,106,,,,,,unresolved
m23r_d478bb9a7643,Beat The Blerch Saturday Marathon,2023-09-09,104,,,,,,unresolved
m23r_a7065d046310,Hoover Dam Marathon,2023-12-09,104,,,,,,unresolved
m23r_814f7a751d91,Run Crazy Horse,2023-10-08,104,,,,,,unresolved
m23r_43280aafdc34,"Beaver Canyon Marathon, Half Marathon and 10K",2023-08-05,103,,,,,,unresolved
m23r_b5af50a55fdd,Whiskey Row Marathon,2023-10-14,100,,,,,,unresolved
m23r_2a27ba4bc824,Brookings Marathon,2023-05-13,99,,,,,,unresolved
m23r_e12cfd73d47f,Camarillo Marathon,2023-08-06,98,,,,,,unresolved
m23r_5235289aba1f,Millbrook Marathon,2023-04-16,98,,,,,,unresolved
m23r_115f21fca072,Big Island International Marathon,2023-03-19,97,,,,,,unresolved
m23r_0d3956622846,Ely Marathon,2023-09-23,97,,,,,,unresolved
m23r_dccc9a172d02,Grand Island Trail Marathon,2023-07-29,97,,,,,,unresolved
m23r_55ac5342cfba,Red Rock Canyon Marathon,2023-01-21,97,,,,,,unresolved
m23r_1ce8e23c64b7,Tupelo Marathon,2023-09-03,97,,,,,,unresolved
m23r_ccadb7069875,Layton Marathon,2023-10-06,96,,,,,,unresolved
m23r_8205df00f091,Wenatchee Marathon,2023-04-15,96,,,,,,unresolved
m23r_2db17b4f5749,Teton DAM Marathon,2023-06-03,95,,,,,,unresolved
m23r_906caa74ca1a,Berryman Marathon,2023-05-20,94,,,,,,unresolved
m23r_9c721c03e330,Half Sauer Half Kraut Marathon,2023-06-10,94,,,,,,unresolved
m23r_fa1e4e7205fa,The Kensington Marathon,2023-07-30,94,,,,,,unresolved
m23r_42607106fbc8,Casper Wyoming Marathon,2023-06-04,93,,,,,,unresolved
m23r_156f1df0cb4b,Chasing the Unicorn,2023-08-27,93,,,,,,unresolved
m23r_b79e3fb24d24,Potomac River Run Fall Marathon,2023-10-07,93,,,,,,unresolved
m23r_92742296ef40,Land Between the Lakes Marathon,2023-03-11,91,,,,,,unresolved
m23r_56f0ef56499e,Bears Ears Marathon,2023-11-04,90,,,,,,unresolved
m23r_8020bc14a75f,Veterans Marathon (PA),2023-11-05,90,,,,,,unresolved
m23r_b31d19373795,Desert RATS Trail Running Festival,2023-04-15,89,,,,,,unresolved
m23r_dae0c8f9c159,Chessie Trail Marathon,2023-11-04,88,,,,,,unresolved
m23r_8ffd9020aa75,Marathon 2 Marathon,2023-10-21,88,,,,,,unresolved
m23r_d0c9153f70a7,Boulder Rez Marathon,2023-08-12,87,,,,,,unresolved
m23r_f2367ea6adab,Galveston Mardi Gras Marathon,2023-02-26,86,,,,,,unresolved
m23r_873bcfa0b593,Groundhog Marathon,2023-02-04,86,,,,,,unresolved
m23r_3ef3b529c1c4,Humboldt Redwoods Marathon,2023-10-08,86,,,,,,unresolved
m23r_8552a8a7d513,Sundance to Spearfish Marathon,2023-09-10,86,,,,,,unresolved
m23r_80771f7ac278,Two Rivers Marathon Race Festival,2023-03-25,86,,,,,,unresolved
m23r_81bf4799dd11,Muddy River Marathon,2023-04-29,85,,,,,,unresolved
m23r_dd681a8822c5,Callaway Gardens Marathon,2023-03-18,84,,,,,,unresolved
m23r_c21fd80578b8,New England Series - CT,2023-06-05,84,,,,,,unresolved
m23r_b1bee45e9456,Aspen Backcountry Marathon,2023-08-05,82,,,,,,unresolved
m23r_b3cff9dd9677,Bobcat Trail Marathon,2023-11-11,82,,,,,,unresolved
m23r_350216767823,Flagstaff Marathon,2023-11-04,82,,,,,,unresolved
m23r_f54489d67380,BG26.2 Marathon,2023-11-05,81,,,,,,unresolved
m23r_3ef34bd44381,Eisenhower Marathon,2023-04-29,81,,,,,,unresolved
m23r_8b0a7d222f56,Greenway Trail Marathon,2023-03-11,81,,,,,,unresolved
m23r_3e1036abc97f,London OH Marathon,2023-04-15,81,,,,,,unresolved
m23r_6f8453d91cb8,Yonkers Marathon,2023-09-17,80,,,,,,unresolved
m23r_39407030e258,Harlingen Marathon,2023-02-05,79,,,,,,unresolved
m23r_60d6c2753e43,Eisenbahn Marathon,2023-07-15,77,,,,,,unresolved
m23r_cc4436f059a9,NipMuck Trail Marathon,2023-10-01,77,,,,,,unresolved
m23r_41fcec7117af,Yakima River Canyon Marathon,2023-04-01,77,,,,,,unresolved
m23r_73dd7bd8e67e,Dances With Dirt Devil's Lake,2023-07-08,76,,,,,,unresolved
m23r_62d24d991fed,"MISH Waterfront Marathon, Half & 10K",2023-06-24,76,,,,,,unresolved
m23r_3842c2ad9b5a,Monument Marathon,2023-09-30,76,,,,,,unresolved
m23r_c9ce47764558,Mystery Mountain Marathon,2023-10-08,76,,,,,,unresolved
m23r_c25956d15842,Timberline Marathon,2023-06-10,76,,,,,,unresolved
m23r_f43c6463f633,Two Rivers Sunday Marathon,2023-03-26,76,,,,,,unresolved
m23r_85232d761a0a,Death Valley Borax Marathon,2023-02-04,75,,,,,,unresolved
m23r_899820c941ef,Holloman Ace of Races Marathon,2023-12-09,75,,,,,,unresolved
m23r_94ce2d39fc61,Hayden Lake Marathon,2023-10-14,74,,,,,,unresolved
m23r_0b73ce6d1ac6,Paavo Nurmi Marathon (USA),2023-08-12,73,,,,,,unresolved
m23r_2e745648aaca,Trailbreaker Marathon,2023-04-01,73,,,,,,unresolved
m23r_634a21c01f4b,Black Mountain Marathon,2023-02-25,72,,,,,,unresolved
m23r_04644569f7fd,Boogie Marathon,2023-06-10,72,,,,,,unresolved
m23r_d9cce89c5aa3,Sand Hollow Marathon,2023-03-11,72,,,,,,unresolved
m23r_0620b24b7557,Armed Services Marathon (prev. Oktoberfest Marathon),2023-05-21,71,,,,,,unresolved
m23r_97b29102b2f0,East Canyon Marathon,2023-09-02,71,,,,,,unresolved
m23r_6e2ba2dbcd4d,Haulin' Aspen Trail Marathon,2023-08-12,71,,,,,,unresolved
m23r_af771e9a19ca,Virginia Creeper Marathon,2023-04-02,71,,,,,,unresolved
m23r_4245435aeaf1,Honoring our Heroes Marathon,2023-11-18,69,,,,,,unresolved
m23r_1e0d6039712f,Conquer the Cove Marathon,2023-05-28,68,,,,,,unresolved
m23r_5238d57d5faf,Grasslands Trail Run Marathon,2023-03-18,68,,,,,,unresolved
m23r_8de11babbba5,Leading Ladies Marathon,2023-08-20,68,,,,,,unresolved
m23r_d47c49ad1363,Museum of Aviation Foundation Marathon,2023-01-14,68,,,,,,unresolved
m23r_f2bab6f321ac,Run WoodStock,2023-09-09,68,,,,,,unresolved
m23r_51e4da36be2e,Extraterrestrial Full Moon Midnight Marathon,2023-08-06,67,,,,,,unresolved
m23r_851a4c01726e,Laredo Marathon,2023-11-05,67,,,,,,unresolved
m23r_f0bd84121482,Lock 2 Lock Marathon,2023-09-09,67,,,,,,unresolved
m23r_a02c6a1afa51,Rim Rock Marathon,2023-11-05,67,,,,,,unresolved
m23r_8aa7dde18314,Little Apple Marathon,2023-10-07,66,,,,,,unresolved
m23r_e32fef21b719,Madeline Island Marathon,2023-05-20,65,,,,,,unresolved
m23r_e54569a290e3,Run for the Lakes,2023-04-29,65,,,,,,unresolved
m23r_0be157a2eea5,Skagit Flats Marathon,2023-10-01,65,,,,,,unresolved
m23r_dadc87020088,Timp Trail Marathon,2023-05-20,64,,,,,,unresolved
m23r_6ef99b7e3ca0,Fort Smith Marathon,2023-09-24,63,,,,,,unresolved
m23r_095aaa98b385,Conquer the Canyon Race Festival,2023-07-22,62,,,,,,unresolved
m23r_7abdb673e296,Frank Maier Marathon,2023-07-29,62,,,,,,unresolved
m23r_75e4041d627e,Northern Trails Marathon,2023-03-11,62,,,,,,unresolved
m23r_bb49ff80d954,Frisco Railroad Run (formerly the Frisco Marathon),2023-04-29,61,,,,,,unresolved
m23r_f0942f40e54d,The Montana Governor's Cup Marathon,2023-06-10,61,,,,,,unresolved
m23r_3185474bb9c3,Trail Marathon,2023-04-29,61,,,,,,unresolved
m23r_976667eb85b3,God's Country Marathon,2023-06-03,60,,,,,,unresolved
m23r_e470978ac7db,Wabash Trace Marathon,2023-09-09,60,,,,,,unresolved
m23r_206cb295c5d9,Back Your Badge Marathon,2023-09-23,59,,,,,,unresolved
m23r_4a9c433fc8c7,Blue Ridge Marathon,2023-04-22,59,,,,,,unresolved
m23r_f85353e183b6,Ellerbe Springs Marathon,2023-02-25,59,,,,,,unresolved
m23r_0ec1b384697a,Fort Ebey Kettles Trail Run,2023-02-25,58,,,,,,unresolved
m23r_8ff494ea951b,New England Series - VT,2023-06-08,58,,,,,,unresolved
m23r_ac014b7118c6,Run the River Marathon,2023-04-08,58,,,,,,unresolved
m23r_1999d63e6d93,Ghost of Seattle Marathon,2023-11-25,57,,,,,,unresolved
m23r_b32d94a6c152,Escalante Canyons Marathon,2023-10-14,56,,,,,,unresolved
m23r_ff2a2521fa7f,New England Series - RI,2023-06-06,56,,,,,,unresolved
m23r_5ae3e42bdfab,Tunnel Hill Marathon,2023-11-12,56,,,,,,unresolved
m23r_53dac045b9fa,Willamette Valley Marathon,2023-09-17,56,,,,,,unresolved
m23r_17801225bbbd,Heartland Series - IN,2023-07-10,55,,,,,,unresolved
m23r_137042d65f7c,Elroy Apple Dumpling Day Marathon,2023-09-09,54,,,,,,unresolved
m23r_e8556e850e59,Heartland Series - MI,2023-07-09,54,,,,,,unresolved
m23r_014e5c004454,Bucks County Marathon,2023-10-28,53,,,,,,unresolved
m23r_764d030c8f17,New England Series - ME,2023-06-10,53,,,,,,unresolved
m23r_c40e46e4f664,Pacific Northwest Marathon,2023-09-16,53,,,,,,unresolved
m23r_720c0c7995d7,Appalachian Series - GA,2023-03-25,52,,,,,,unresolved
m23r_c91911893fc7,Independence Series - MD,2023-06-01,52,,,,,,unresolved
m23r_3b449faaffd6,Minocqua Northwoods Escape Marathon,2023-05-28,52,,,,,,unresolved
m23r_1078d069283c,Old Forge Marathon,2023-09-09,52,,,,,,unresolved
m23r_a55fd265ff3c,Bear Lake Idaho Marathon,2023-06-08,51,,,,,,unresolved
m23r_f3f12076dd4f,Heartland Series - OH,2023-07-08,51,,,,,,unresolved
m23r_904df4809c1c,Independence Series - DE,2023-05-31,51,,,,,,unresolved
m23r_4489176c88f2,Lake Mead Marathon,2023-01-14,51,,,,,,unresolved
m23r_356af99837d9,Pocono Mountains Marathon Race Festival,2023-10-21,51,,,,,,unresolved
m23r_729e142fdd2b,Bear Lake Wyoming Marathon,2023-06-09,50,,,,,,unresolved
m23r_676da74a35f5,Hawk Hundred Marathon,2023-09-09,50,,,,,,unresolved
m23r_dcd9ef0cf996,New England Series - NH,2023-06-09,50,,,,,,unresolved
m23r_cadaa9f07ee8,Breckenridge Road Marathon,2023-10-07,49,,,,,,unresolved
m23r_04daafffea61,Cummins Falls Marathon,2023-02-25,49,,,,,,unresolved
m23r_be4635890c51,Crater Lake Marathon,2023-08-12,48,,,,,,unresolved
m23r_75aae843c0e0,Independence Series - NJ,2023-06-03,48,,,,,,unresolved
m23r_6fb8740ace99,Lakeside Marathon,2023-10-13,48,,,,,,unresolved
m23r_67466e054412,Cal-Neva Marathon,2023-10-14,47,,,,,,unresolved
m23r_5181d18f292c,Enchanted Forest,2023-07-29,47,,,,,,unresolved
m23r_7ad2e46e07a9,Pettit Indoor Marathon,2023-03-05,47,,,,,,unresolved
m23r_a9d8ea0bf28f,Appalachian Series - SC,2023-03-26,46,,,,,,unresolved
m23r_ac3077a27231,Humboldt Bay Marathon,2023-08-13,46,,,,,,unresolved
m23r_45c60030ef7e,New England Series - MA,2023-06-07,46,,,,,,unresolved
m23r_017707780678,Run With the Horses Marathon,2023-08-19,46,,,,,,unresolved
m23r_d4ded203189a,Rails to Trails Marathon,2023-10-01,45,,,,,,unresolved
m23r_f90cab33a896,Bizz Johnson Trail Marathon,2023-10-07,44,,,,,,unresolved
m23r_aee3e7f74d9a,Dances With Dirt Gnaw Bone,2023-05-20,44,,,,,,unresolved
m23r_a8fc2b85232b,Idaho Falls MAD Marathon,2023-07-29,44,,,,,,unresolved
m23r_c63eb8274abe,Minocqua No Frills Marathon,2023-09-03,44,,,,,,unresolved
m23r_69d17c6a2c6f,Run for the Ranch Marathon,2023-12-30,44,,,,,,unresolved
m23r_19f278412d44,Bear Lake Marathon,2023-06-10,43,,,,,,unresolved
m23r_39a1483e8e65,Center of the Nation Marathon - Montana,2023-10-07,43,,,,,,unresolved
m23r_55f3455ad73b,Skyline Mountain Marathon,2023-08-12,43,,,,,,unresolved
m23r_f0558a7e5d71,Thelma and Louise Marathon,2023-05-13,43,,,,,,unresolved
m23r_a92be132c130,Center of the Nation Marathon - South Dakota,2023-10-05,42,,,,,,unresolved
m23r_651bb962fe44,Devil After Dark Marathon,2023-09-16,42,,,,,,unresolved
m23r_3780e6b559a1,Appalachian Series - AL,2023-03-24,41,,,,,,unresolved
m23r_22c37f0e75df,Center of the Nation Marathon - Wyoming,2023-10-04,41,,,,,,unresolved
m23r_09830fb13c64,Drake Well Marathon,2023-08-20,41,,,,,,unresolved
m23r_b72e56921078,Prairie Series - IA,2023-05-16,41,,,,,,unresolved
m23r_a1e91f91fa25,Priest Lake Marathon,2023-09-30,41,,,,,,unresolved
m23r_a360ddb11965,Tecumseh Trail Marathon,2023-10-21,41,,,,,,unresolved
m23r_c52a4acf6382,Tri-Cities Marathon,2023-10-29,41,,,,,,unresolved
m23r_defe83763bf6,Windsor Marathon,2023-10-08,41,,,,,,unresolved
m23r_4fb1dc9b9b5b,Yuma Territorial Marathon and Half Marathon,2023-01-28,41,,,,,,unresolved
m23r_2f54d1662583,DoLittle Marathon,2023-09-16,40,,,,,,unresolved
m23r_bcea3970e8f3,Med Bow Rail Marathon,2023-08-12,40,,,,,,unresolved
m23r_9467048598f6,Night Moves,2023-09-16,40,,,,,,unresolved
m23r_dc7263d165e3,Strolling Jim marathon,2023-05-06,40,,,,,,unresolved
m23r_d37ebde899c8,Western Maryland Rail Trail Marathon,2023-10-15,40,,,,,,unresolved
m23r_69e620066795,Appalachian Series - NC,2023-03-27,39,,,,,,unresolved
m23r_7e1b1575706d,"Labor Day Triple, Day 1",2023-09-02,39,,,,,,unresolved
m23r_cbe92a2918ca,Nutmeg State Marathon,2023-05-07,39,,,,,,unresolved
m23r_bd07c523a322,Tulsa Urban Adventure Race Marathon,2023-09-30,39,,,,,,unresolved
m23r_dcf8a13ea3be,Wildwood Trail Marathon,2023-12-02,39,,,,,,unresolved
m23r_caf35917fa5e,ZoombieRunner Halloween Marathon,2023-10-29,39,,,,,,unresolved
m23r_42a873aec3b5,Four Corners Quad Keyah Marathon - Day 3,2023-12-09,38,,,,,,unresolved
m23r_9595ba2a8851,Granite State Marathon,2023-05-13,38,,,,,,unresolved
m23r_58787a278dda,Lithia Loop Trail Marathon,2023-11-04,38,,,,,,unresolved
m23r_49e1ad9dd450,Prairie Series - KS,2023-05-14,38,,,,,,unresolved
m23r_09bc5a106b73,Run for the Elk Marathon Race Festival,2023-07-29,38,,,,,,unresolved
m23r_0c271f8d7a9f,Southwest Series - AZ,2023-11-08,38,,,,,,unresolved
m23r_6ae72f8428e8,Andrew Jackson Marathon,2023-04-01,37,,,,,,unresolved
m23r_c920b68feed9,Big Sky Marathon,2023-07-09,37,,,,,,unresolved
m23r_a46e48ab6f57,Independence Series - NY,2023-06-04,37,,,,,,unresolved
m23r_80240cf456d8,Prairie Series - NE,2023-05-15,37,,,,,,unresolved
m23r_57bd967b4a3e,Running With The Devil Marathon,2023-06-17,37,,,,,,unresolved
m23r_91eb21b12644,Southwest Series - UT,2023-11-07,37,,,,,,unresolved
m23r_8bc95a4af1c4,Wyoming Marathon,2023-05-28,37,,,,,,unresolved
m23r_184d52cf9e8f,Center of the Nation Marathon - North Dakota,2023-10-06,36,,,,,,unresolved
m23r_ff881f1128f6,Four Corners Quad Keyah Marathon - Day 1,2023-12-07,36,,,,,,unresolved
m23r_563289b148a9,Four Corners Quad Keyah Marathon - Day 4,2023-12-10,36,,,,,,unresolved
m23r_3f07a36c729a,Redwood Trail Run (Summer),2023-08-12,36,,,,,,unresolved
m23r_19363345f22d,Seaside Marathon,2023-02-19,36,,,,,,unresolved
m23r_376d9d91b5a7,Four Corners Quad Keyah Marathon - Day 2,2023-12-08,35,,,,,,unresolved
m23r_099f380c7933,Heartland Series - WI,2023-07-13,35,,,,,,unresolved
m23r_80be13fef335,Olde Girdled Grit (OGG) Trail Run,2023-02-25,35,,,,,,unresolved
m23r_91556c8c2bea,Topo Trail Marathon,2023-12-03,35,,,,,,unresolved
m23r_9697613cd735,American Birkebeiner Trail Run,2023-09-23,34,,,,,,unresolved
m23r_7917a205c4ab,Appalachian Series - TN,2023-03-28,34,,,,,,unresolved
m23r_f0e17cf62baf,Bear Paw Marathon,2023-06-03,34,,,,,,unresolved
m23r_d98a683c0e2c,Boring Marathon,2023-09-10,34,,,,,,unresolved
m23r_32c6d6efb781,New Year's Eve Marathon,2023-12-31,34,,,,,,unresolved
m23r_4605d32daa77,Northwest Series - ID,2023-09-27,34,,,,,,unresolved
m23r_62643fef4142,Queens Marathon and QDR Half Marathon,2023-04-02,34,,,,,,unresolved
m23r_b82b535f022e,Backside Trail Marathon and Half,2023-04-30,33,,,,,,unresolved
m23r_e1cb10e0b7ea,Golden Gate Trail Run Marathon,2023-02-04,33,,,,,,unresolved
m23r_f70fe628d185,Gulf Coast Series - MS,2023-03-22,33,,,,,,unresolved
m23r_323a428c12b8,Heartland Series - IL,2023-07-11,33,,,,,,unresolved
m23r_912fd1d85050,Lake Chabot Trail Marathon,2023-11-04,33,,,,,,unresolved
m23r_c61c6c165877,Maple Leaf Marathon,2023-05-12,33,,,,,,unresolved
m23r_cb2ecdc12489,Otter Creek Trail Marathon,2023-12-16,33,,,,,,unresolved
m23r_f0544114809b,Prairie Series - SD,2023-05-17,33,,,,,,unresolved
m23r_d2efab07f4d0,Warm up Columbus Marathon,2023-02-05,33,,,,,,unresolved
m23r_d4bf4d2e6cc3,Appalachian Series - VA,2023-03-30,32,,,,,,unresolved
m23r_c9d1309f712a,Grand Ridge Marathon,2023-11-11,32,,,,,,unresolved
m23r_df5481530ea2,Gulf Coast Series - FL,2023-03-23,32,,,,,,unresolved
m23r_c7131cf0f69b,Heartland Series - MN,2023-07-14,32,,,,,,unresolved
m23r_86abe8ad4387,Southwest Series - NM,2023-11-05,32,,,,,,unresolved
m23r_a5d92bc5cd55,Center of the Nation Marathon - Nebraska,2023-10-03,31,,,,,,unresolved
m23r_10bc031d1c83,Odyssey Trail Marathon,2023-09-09,31,,,,,,unresolved
m23r_c884afb8e497,Old Colony Marathon,2023-05-06,31,,,,,,unresolved
m23r_1c254fc037cc,Riverboat Series - MO,2023-04-22,31,,,,,,unresolved
m23r_e281b926aa9c,Rockin K Trail Marathon,2023-04-01,31,,,,,,unresolved
m23r_fe1b57433f45,Runs With Scissors Marathon,2023-04-08,31,,,,,,unresolved
m23r_1df09ba2d8f5,Southwest Series - CO,2023-11-06,31,,,,,,unresolved
m23r_26eec79d5044,Appalachian Series - WV,2023-03-29,30,,,,,,unresolved
m23r_0aee48ed9729,Dakota Spirit Marathon,2023-08-20,30,,,,,,unresolved
m23r_9964e8544f9b,Farm Park Marathon,2023-05-06,30,,,,,,unresolved
m23r_8829b7b2c9a1,Golden Gate Headlands Marathon,2023-03-25,30,,,,,,unresolved
m23r_24b70f78c252,Heartland Series - IA,2023-07-12,30,,,,,,unresolved
m23r_0fbf7cebe45b,Independence Series - PA,2023-06-02,30,,,,,,unresolved
m23r_b07a250a3a16,Labor of Love Marathon@ Lovell Canyon,2023-03-11,30,,,,,,unresolved
m23r_a9659bc43969,Muir Woods Trail Marathon,2023-05-13,30,,,,,,unresolved
m23r_948d622ba6c9,Pine Tree Marathon,2023-05-14,30,,,,,,unresolved
m23r_370c67a4c626,Roxbury Marathon,2023-11-11,30,,,,,,unresolved
m23r_eb14a7b86cfa,Waugoshance Trail Marathon,2023-07-15,30,,,,,,unresolved
m23r_f5ff9faf637f,Ave Maria Marathon,2023-02-11,29,,,,,,unresolved
m23r_7f1a9ea71dc4,Great Allegheny Ohiopyle Marathon Race Festival,2023-05-06,29,,,,,,unresolved
m23r_ad06b47c3ea2,Green River Marathon,2023-06-03,29,,,,,,unresolved
m23r_ccc0c1e2f61b,Kenai River Marathon,2023-09-24,29,,,,,,unresolved
m23r_bf057f245cfd,Outlaw 100,2023-02-11,29,,,,,,unresolved
m23r_b38384aedd25,Riverboat Series - AR,2023-04-18,29,,,,,,unresolved
m23r_2179757517ca,Diablo Trail Marathon,2023-09-10,28,,,,,,unresolved
m23r_71c8bf9471ab,King Salmon Marathon,2023-07-15,28,,,,,,unresolved
m23r_e00541908ea7,San Lorenzo River Trail Run Marathon,2023-07-15,28,,,,,,unresolved
m23r_feffdd9afccc,Day of the Dead Marathon Series Day 1,2023-10-28,27,,,,,,unresolved
m23r_cee111c56f8d,Last Chance Marathon,2023-12-31,27,,,,,,unresolved
m23r_62ae65d1744e,Prairie Series - MO,2023-05-13,27,,,,,,unresolved
m23r_5843fb3b5f13,Prairie Series - OK,2023-05-12,27,,,,,,unresolved
m23r_12da0217ea07,Red Island Marathon,2023-05-05,27,,,,,,unresolved
m23r_94985c2b1f91,Southwest Series - NV,2023-11-09,27,,,,,,unresolved
m23r_0ffe651e8cb6,Aloha Series - Day 1,2023-01-19,26,,,,,,unresolved
m23r_f65299ea00ed,Gulf Coast Series - LA,2023-03-21,26,,,,,,unresolved
m23r_9415164f53ae,Napa Valley Wine Country Trail Marathon,2023-10-28,26,,,,,,unresolved
m23r_2c08c320ae79,Northwest Series - OR,2023-09-23,26,,,,,,unresolved
m23r_2454ca204f62,Pacific Crest Marathon,2023-06-17,26,,,,,,unresolved
m23r_4ff9dc51f03f,Prairie Series - MN 2,2023-05-19,26,,,,,,unresolved
m23r_dd65147f448a,Prince of Wales Island International Marathon,2023-05-27,26,,,,,,unresolved
m23r_c340cab94d84,JailBreak Marathon,2023-09-30,25,,,,,,unresolved
m23r_15d4ca036fec,New Year's Day Marathon,2023-01-01,25,,,,,,unresolved
m23r_bf1571e59947,Northwest Series - WA,2023-09-25,25,,,,,,unresolved
m23r_265671f9e824,Prairie Series - MN 1,2023-05-18,25,,,,,,unresolved
m23r_baf1bbc44878,Redwood Trail Run (Spring),2023-04-01,25,,,,,,unresolved
m23r_6c75acc41d7f,Riverboat Series - IL,2023-04-23,25,,,,,,unresolved
m23r_55d42301e60c,Riverboat Series - LA,2023-04-17,25,,,,,,unresolved
m23r_1cc3a5a24db1,Blister in the Sun Marathon,2023-08-06,24,,,,,,unresolved
m23r_a70002b8ea7e,Mathews Marathon,2023-10-14,24,,,,,,unresolved
m23r_898d7fac468c,Montara Mountain Trail Run,2023-02-12,24,,,,,,unresolved
m23r_580825b96d61,Chili Pepper Series - Day 1,2023-03-11,23,,,,,,unresolved
m23r_9ec26780c437,Madison Marathon (MT),2023-07-08,23,,,,,,unresolved
m23r_5dbb03cb4eae,Southwest Series - CA,2023-11-10,23,,,,,,unresolved
m23r_f8b0cd049cb2,Center of the Nation Marathon - Colorado,2023-10-02,22,,,,,,unresolved
m23r_a5e6e0441865,"Labor Day Triple, Day 2",2023-09-03,22,,,,,,unresolved
m23r_1bce7d47ac68,Northwest Series - WA 2,2023-09-26,22,,,,,,unresolved
m23r_cf62c6ce20b4,Alaska Series - Day 3,2023-07-27,21,,,,,,unresolved
m23r_f7a78301ac4b,Cross Timbers Trail Runs Marathon,2023-03-04,21,,,,,,unresolved
m23r_534b2d015711,Gulf Coast Series - TX,2023-03-20,21,,,,,,unresolved
m23r_0acb846fe2c3,Mountain Rats,2023-09-16,21,,,,,,unresolved
m23r_5ac9177f3ebf,Riverboat Series - MS,2023-04-19,21,,,,,,unresolved
m23r_fa7437beaae7,Summer Camp Series - Day 2,2023-07-16,21,,,,,,unresolved
m23r_bf0e7497bfae,Arkansas Marathon,2023-10-14,20,,,,,,unresolved
m23r_fa392e548d58,Cinderella Trail Run (Spring),2023-06-10,20,,,,,,unresolved
m23r_657ea038968d,Crystal Springs Summer Trail Run,2023-09-03,20,,,,,,unresolved
m23r_a47d8404180a,Grizzly Peak Trail Run,2023-05-13,20,,,,,,unresolved
m23r_7415864c1b81,Nashville NC Running Festival Marathon,2023-10-28,20,,,,,,unresolved
m23r_cc9d3e9fa9e5,Summer Camp Series - Day 1,2023-07-15,20,,,,,,unresolved
m23r_6bada5750e72,Summer Camp Series - Day 3,2023-07-17,20,,,,,,unresolved
m23r_5ae3ef6576d2,Fort Wayne Marathon and Half,2023-04-29,19,,,,,,unresolved
m23r_b929f608e3a7,ONU Polar Bear Indoor Marathon,2023-01-29,19,,,,,,unresolved
m23r_4282407f8910,Rivanna Greenbelt September Marathon,2023-12-03,19,,,,,,unresolved
m23r_c75330e3025f,Riverboat Series - TN,2023-04-20,19,,,,,,unresolved
m23r_6360f870fd02,San Juan Island Marathon,2023-06-17,19,,,,,,unresolved
m23r_2b05cd028a44,Streakers Marathon,2023-04-15,19,,,,,,unresolved
m23r_ba9decb387c0,Alaska Series - Day 1,2023-07-25,18,,,,,,unresolved
m23r_0b55acf99d48,Aloha Series - Day 3,2023-01-21,18,,,,,,unresolved
m23r_bfaccf08d41e,Day of the Dead Marathon Series Day 2,2023-10-29,18,,,,,,unresolved
m23r_fdfdc88271a3,Honest Abe Trail Run Marathon,2023-09-17,18,,,,,,unresolved
m23r_6ed07c0977e8,Manatee Marathon & Tallahassee Ultra Distance Classic,2023-12-09,18,,,,,,unresolved
m23r_1cf39a68feab,Northwest Series - OR 2,2023-09-24,18,,,,,,unresolved
m23r_8285106b5a5e,San Miguel Buzz Marathon,2023-02-18,18,,,,,,unresolved
m23r_d764d6ce8865,Woolley Marathon,2023-02-18,18,,,,,,unresolved
m23r_b1f21a871495,Aloha Series - Day 2,2023-01-20,17,,,,,,unresolved
m23r_31c725aa91f7,Aloha Series - Day 4,2023-01-22,17,,,,,,unresolved
m23r_df2b42a39136,Horseshoe Lake Trail Run,2023-04-23,17,,,,,,unresolved
m23r_5ab6f5a8f1d6,Pine Line Trail Marathon,2023-04-22,17,,,,,,unresolved
m23r_4e232a7a5f0e,Northwest Series - ID 2,2023-09-28,16,,,,,,unresolved
m23r_fed60610d499,Six-O Trail,2023-09-02,16,,,,,,unresolved
m23r_8fff94fd5111,Chili Pepper Series - Day 2,2023-03-12,15,,,,,,unresolved
m23r_a166ae057f15,"Labor Day Triple, Day 3",2023-09-04,15,,,,,,unresolved
m23r_c65d72958e13,Midsouth Marathon,2023-11-04,15,,,,,,unresolved
m23r_d60a7a933844,Savage Seven Marathon Day 7,2023-01-02,15,,,,,,unresolved
m23r_5bba44e6feb3,NJ Trail Series One Day Marathon,2023-09-30,14,,,,,,unresolved
m23r_ddd6f31aa240,Race of Champions Marathon,2023-05-07,14,,,,,,unresolved
m23r_d20a230f0773,Alaska Series - Day 2,2023-07-26,13,,,,,,unresolved
m23r_20bcbea03a1b,"Jump off Joe Marathon, Half, 10k",2023-09-09,13,,,,,,unresolved
m23r_0e6f22d29c4a,Summer Camp Series - Day 5,2023-07-19,13,,,,,,unresolved
m23r_4893b29bd6a7,Alaska Series - Day 4,2023-07-28,12,,,,,,unresolved
m23r_1f81eb09ed8a,Savage Seven Marathon Day 6,2023-01-01,12,,,,,,unresolved
m23r_42b4a65df0c5,Summer Camp Series - Day 4,2023-07-18,12,,,,,,unresolved
m23r_ece113ae9491,Surfside Beach Marathon,2023-02-18,12,,,,,,unresolved
m23r_4645ad995543,Hatcher Pass Marathon,2023-08-05,11,,,,,,unresolved
m23r_d2bfa5384596,Mountain Magic Marathon,2023-06-18,10,,,,,,unresolved
m23r_657cb6981421,Rock Creek Scenic City Trail Marathon,2023-05-13,10,,,,,,unresolved
m23r_41af8d51df39,Saddleback Marathon,2023-11-11,10,,,,,,unresolved
m23r_a196134eb130,Monster Trail Marathon,2023-09-03,9,,,,,,unresolved
m23r_af7231410cd9,Napa Valley Trail Marathon,2023-03-18,9,,,,,,unresolved
m23r_2cf21e3a7231,Run The Rock Marathon,2023-10-14,7,,,,,,unresolved
m23r_13b292496f95,American Heroes Run,2023-09-09,5,,,,,,unresolved
m23r_a479c716f96d,Oregon Trail Run,2023-10-21,5,,,,,,unresolved
m23r_5d765d0905eb,Free State Trail Marathon,2023-10-28,2,,,,,,unresolved
